,hashtags,date,Tweet,likes,Retweet
0,#BoycottHomeDepot,2021-06-06 00:55:03,"@NetflixDE The OA Part III, bitte ü§©‚ô•Ô∏è

#SaveTheOA @reedhastings #cancelnetflix https://t.co/XWHchoQKdy",0,2
1,#BoycottHomeDepot,2021-06-05 22:38:17,"@NetflixDE The OA Part III, bitte ü§©‚ô•Ô∏è

#SaveTheOA @reedhastings #cancelnetflix https://t.co/XWHchoQKdy",0,2
2,#BoycottHomeDepot,2021-06-05 22:37:53,"@NetflixDE The OA Part III, bitte ü§©‚ô•Ô∏è

#SaveTheOA @reedhastings #cancelnetflix https://t.co/XWHchoQKdy",15,2
3,#BoycottHomeDepot,2021-06-05 22:02:34,"@NetflixDE The OA Part III, bitte ü§©‚ô•Ô∏è

#SaveTheOA @reedhastings #cancelnetflix https://t.co/XWHchoQKdy",0,9
4,#BoycottHomeDepot,2021-06-05 21:21:07,"@NetflixDE The OA Part III, bitte ü§©‚ô•Ô∏è

#SaveTheOA @reedhastings #cancelnetflix https://t.co/XWHchoQKdy",0,9
5,#BoycottHomeDepot,2021-06-05 21:02:45,"@NetflixDE The OA Part III, bitte ü§©‚ô•Ô∏è

#SaveTheOA @reedhastings #cancelnetflix https://t.co/XWHchoQKdy",0,9
6,#BoycottHomeDepot,2021-06-05 20:24:30,"@NetflixDE The OA Part III, bitte ü§©‚ô•Ô∏è

#SaveTheOA @reedhastings #cancelnetflix https://t.co/XWHchoQKdy",0,9
7,#BoycottHomeDepot,2021-06-05 20:24:08,"@NetflixDE The OA Part III, bitte ü§©‚ô•Ô∏è

#SaveTheOA @reedhastings #cancelnetflix https://t.co/XWHchoQKdy",44,9
8,#BoycottHomeDepot,2021-06-04 23:10:54,"@NetflixDE The OA Part III, bitte ü§©‚ô•Ô∏è

#SaveTheOA @reedhastings #cancelnetflix https://t.co/XWHchoQKdy",0,0
9,#BoycottHomeDepot,2021-06-04 23:02:37,"@NetflixDE The OA Part III, bitte ü§©‚ô•Ô∏è

#SaveTheOA @reedhastings #cancelnetflix https://t.co/XWHchoQKdy",0,0
10,#BoycottHomeDepot,2021-06-04 23:00:28,"@NetflixDE The OA Part III, bitte ü§©‚ô•Ô∏è

#SaveTheOA @reedhastings #cancelnetflix https://t.co/XWHchoQKdy",0,0
11,#BoycottHomeDepot,2021-06-04 22:50:48,"@NetflixDE The OA Part III, bitte ü§©‚ô•Ô∏è

#SaveTheOA @reedhastings #cancelnetflix https://t.co/XWHchoQKdy",0,0
12,#BoycottHomeDepot,2021-06-03 14:48:01,"@NetflixDE The OA Part III, bitte ü§©‚ô•Ô∏è

#SaveTheOA @reedhastings #cancelnetflix https://t.co/XWHchoQKdy",0,0
13,#BoycottHomeDepot,2021-06-02 13:09:10,"@NetflixDE The OA Part III, bitte ü§©‚ô•Ô∏è

#SaveTheOA @reedhastings #cancelnetflix https://t.co/XWHchoQKdy",0,1
14,#BoycottHomeDepot,2021-06-02 00:57:10,"@NetflixDE The OA Part III, bitte ü§©‚ô•Ô∏è

#SaveTheOA @reedhastings #cancelnetflix https://t.co/XWHchoQKdy",1,0
15,#BoycottHomeDepot,2021-06-02 00:54:50,"@NetflixDE The OA Part III, bitte ü§©‚ô•Ô∏è

#SaveTheOA @reedhastings #cancelnetflix https://t.co/XWHchoQKdy",1,0
16,#BoycottHomeDepot,2021-06-01 15:12:14,"@NetflixDE The OA Part III, bitte ü§©‚ô•Ô∏è

#SaveTheOA @reedhastings #cancelnetflix https://t.co/XWHchoQKdy",1,0
17,#BoycottHomeDepot,2021-06-01 04:16:10,"@NetflixDE The OA Part III, bitte ü§©‚ô•Ô∏è

#SaveTheOA @reedhastings #cancelnetflix https://t.co/XWHchoQKdy",0,0
18,#Goyaway,2021-05-31 22:33:29,"@NetflixDE The OA Part III, bitte ü§©‚ô•Ô∏è

#SaveTheOA @reedhastings #cancelnetflix https://t.co/XWHchoQKdy",0,2
19,#BoycottGoya,2021-06-05 23:47:49,"@NetflixDE The OA Part III, bitte ü§©‚ô•Ô∏è

#SaveTheOA @reedhastings #cancelnetflix https://t.co/XWHchoQKdy",0,0
20,#BoycottGoya,2021-06-05 16:19:23,"@NetflixDE The OA Part III, bitte ü§©‚ô•Ô∏è

#SaveTheOA @reedhastings #cancelnetflix https://t.co/XWHchoQKdy",1,0
21,#BoycottGoya,2021-06-05 13:11:23,"@NetflixDE The OA Part III, bitte ü§©‚ô•Ô∏è

#SaveTheOA @reedhastings #cancelnetflix https://t.co/XWHchoQKdy",1,0
22,#BoycottGoya,2021-06-05 07:34:17,"@NetflixDE The OA Part III, bitte ü§©‚ô•Ô∏è

#SaveTheOA @reedhastings #cancelnetflix https://t.co/XWHchoQKdy",0,0
23,#BoycottGoya,2021-06-04 22:45:03,"@NetflixDE The OA Part III, bitte ü§©‚ô•Ô∏è

#SaveTheOA @reedhastings #cancelnetflix https://t.co/XWHchoQKdy",0,0
24,#BoycottGoya,2021-06-04 17:55:42,"@NetflixDE The OA Part III, bitte ü§©‚ô•Ô∏è

#SaveTheOA @reedhastings #cancelnetflix https://t.co/XWHchoQKdy",2,0
25,#BoycottGoya,2021-06-04 17:47:19,"@NetflixDE The OA Part III, bitte ü§©‚ô•Ô∏è

#SaveTheOA @reedhastings #cancelnetflix https://t.co/XWHchoQKdy",0,0
26,#BoycottGoya,2021-06-04 16:23:29,"@NetflixDE The OA Part III, bitte ü§©‚ô•Ô∏è

#SaveTheOA @reedhastings #cancelnetflix https://t.co/XWHchoQKdy",0,0
27,#BoycottGoya,2021-06-04 16:22:23,"@NetflixDE The OA Part III, bitte ü§©‚ô•Ô∏è

#SaveTheOA @reedhastings #cancelnetflix https://t.co/XWHchoQKdy",0,0
28,#BoycottGoya,2021-06-04 16:17:15,"@NetflixDE The OA Part III, bitte ü§©‚ô•Ô∏è

#SaveTheOA @reedhastings #cancelnetflix https://t.co/XWHchoQKdy",0,0
29,#BoycottGoya,2021-06-01 21:51:44,"@NetflixDE The OA Part III, bitte ü§©‚ô•Ô∏è

#SaveTheOA @reedhastings #cancelnetflix https://t.co/XWHchoQKdy",0,2
30,#BoycottGoya,2021-06-01 20:02:34,"@NetflixDE The OA Part III, bitte ü§©‚ô•Ô∏è

#SaveTheOA @reedhastings #cancelnetflix https://t.co/XWHchoQKdy",0,2
31,#BoycottGoya,2021-06-01 15:59:53,"@NetflixDE The OA Part III, bitte ü§©‚ô•Ô∏è

#SaveTheOA @reedhastings #cancelnetflix https://t.co/XWHchoQKdy",30,2
32,#BoycottGoya,2021-05-31 22:33:29,"@NetflixDE The OA Part III, bitte ü§©‚ô•Ô∏è

#SaveTheOA @reedhastings #cancelnetflix https://t.co/XWHchoQKdy",0,2
33,#BoycottGoya,2021-05-31 04:40:21,"@NetflixDE The OA Part III, bitte ü§©‚ô•Ô∏è

#SaveTheOA @reedhastings #cancelnetflix https://t.co/XWHchoQKdy",0,2
34,#CancelNetflix,2021-06-06 15:36:39,"@NetflixDE The OA Part III, bitte ü§©‚ô•Ô∏è

#SaveTheOA @reedhastings #cancelnetflix https://t.co/XWHchoQKdy",0,1
35,#CancelNetflix,2021-06-06 09:14:46,"@NetflixDE The OA Part III, bitte ü§©‚ô•Ô∏è

#SaveTheOA @reedhastings #cancelnetflix https://t.co/XWHchoQKdy",2,1
36,#CancelNetflix,2021-06-06 09:03:27,"@NetflixDE The OA Part III, bitte ü§©‚ô•Ô∏è

#SaveTheOA @reedhastings #cancelnetflix https://t.co/XWHchoQKdy",0,0
37,#CancelNetflix,2021-06-05 23:54:32,"@NetflixDE The OA Part III, bitte ü§©‚ô•Ô∏è

#SaveTheOA @reedhastings #cancelnetflix https://t.co/XWHchoQKdy",1,0
38,#CancelNetflix,2021-06-05 21:58:25,"@NetflixDE The OA Part III, bitte ü§©‚ô•Ô∏è

#SaveTheOA @reedhastings #cancelnetflix https://t.co/XWHchoQKdy",0,0
39,#CancelNetflix,2021-06-05 21:50:44,"@NetflixDE The OA Part III, bitte ü§©‚ô•Ô∏è

#SaveTheOA @reedhastings #cancelnetflix https://t.co/XWHchoQKdy",0,68
40,#CancelNetflix,2021-06-05 17:10:41,"@NetflixDE The OA Part III, bitte ü§©‚ô•Ô∏è

#SaveTheOA @reedhastings #cancelnetflix https://t.co/XWHchoQKdy",0,0
41,#CancelNetflix,2021-06-05 07:00:30,"@NetflixDE The OA Part III, bitte ü§©‚ô•Ô∏è

#SaveTheOA @reedhastings #cancelnetflix https://t.co/XWHchoQKdy",0,1
42,#CancelNetflix,2021-06-05 06:50:14,"@NetflixDE The OA Part III, bitte ü§©‚ô•Ô∏è

#SaveTheOA @reedhastings #cancelnetflix https://t.co/XWHchoQKdy",2,1
43,#CancelNetflix,2021-06-05 05:54:30,"@NetflixDE The OA Part III, bitte ü§©‚ô•Ô∏è

#SaveTheOA @reedhastings #cancelnetflix https://t.co/XWHchoQKdy",0,0
44,#CancelNetflix,2021-06-05 04:24:33,"@NetflixDE The OA Part III, bitte ü§©‚ô•Ô∏è

#SaveTheOA @reedhastings #cancelnetflix https://t.co/XWHchoQKdy",0,40747
45,#CancelNetflix,2021-06-05 00:43:01,"@NetflixDE The OA Part III, bitte ü§©‚ô•Ô∏è

#SaveTheOA @reedhastings #cancelnetflix https://t.co/XWHchoQKdy",0,68
46,#CancelNetflix,2021-06-04 23:00:57,"@NetflixDE The OA Part III, bitte ü§©‚ô•Ô∏è

#SaveTheOA @reedhastings #cancelnetflix https://t.co/XWHchoQKdy",1,0
47,#CancelNetflix,2021-06-04 16:52:33,"@NetflixDE The OA Part III, bitte ü§©‚ô•Ô∏è

#SaveTheOA @reedhastings #cancelnetflix https://t.co/XWHchoQKdy",0,1
48,#CancelNetflix,2021-06-04 14:46:59,"@NetflixDE The OA Part III, bitte ü§©‚ô•Ô∏è

#SaveTheOA @reedhastings #cancelnetflix https://t.co/XWHchoQKdy",0,0
49,#CancelNetflix,2021-06-04 13:15:12,"@NetflixDE The OA Part III, bitte ü§©‚ô•Ô∏è

#SaveTheOA @reedhastings #cancelnetflix https://t.co/XWHchoQKdy",2,0
50,#CancelNetflix,2021-06-04 11:37:39,"@NetflixDE The OA Part III, bitte ü§©‚ô•Ô∏è

#SaveTheOA @reedhastings #cancelnetflix https://t.co/XWHchoQKdy",0,0
51,#CancelNetflix,2021-06-04 10:27:41,"@NetflixDE The OA Part III, bitte ü§©‚ô•Ô∏è

#SaveTheOA @reedhastings #cancelnetflix https://t.co/XWHchoQKdy",0,0
52,#CancelNetflix,2021-06-04 10:10:17,"@NetflixDE The OA Part III, bitte ü§©‚ô•Ô∏è

#SaveTheOA @reedhastings #cancelnetflix https://t.co/XWHchoQKdy",1,0
53,#CancelNetflix,2021-06-04 08:42:22,"@NetflixDE The OA Part III, bitte ü§©‚ô•Ô∏è

#SaveTheOA @reedhastings #cancelnetflix https://t.co/XWHchoQKdy",0,1
54,#CancelNetflix,2021-06-04 07:11:27,"@NetflixDE The OA Part III, bitte ü§©‚ô•Ô∏è

#SaveTheOA @reedhastings #cancelnetflix https://t.co/XWHchoQKdy",1,1
55,#CancelNetflix,2021-06-04 06:43:43,"@NetflixDE The OA Part III, bitte ü§©‚ô•Ô∏è

#SaveTheOA @reedhastings #cancelnetflix https://t.co/XWHchoQKdy",0,1
56,#CancelNetflix,2021-06-04 04:19:32,"@NetflixDE The OA Part III, bitte ü§©‚ô•Ô∏è

#SaveTheOA @reedhastings #cancelnetflix https://t.co/XWHchoQKdy",1,1
57,#CancelNetflix,2021-06-03 23:25:52,"@NetflixDE The OA Part III, bitte ü§©‚ô•Ô∏è

#SaveTheOA @reedhastings #cancelnetflix https://t.co/XWHchoQKdy",0,68
58,#CancelNetflix,2021-06-03 18:54:08,"@NetflixDE The OA Part III, bitte ü§©‚ô•Ô∏è

#SaveTheOA @reedhastings #cancelnetflix https://t.co/XWHchoQKdy",0,0
59,#CancelNetflix,2021-06-03 17:20:58,"@NetflixDE The OA Part III, bitte ü§©‚ô•Ô∏è

#SaveTheOA @reedhastings #cancelnetflix https://t.co/XWHchoQKdy",0,0
60,#CancelNetflix,2021-06-03 17:20:10,"@NetflixDE The OA Part III, bitte ü§©‚ô•Ô∏è

#SaveTheOA @reedhastings #cancelnetflix https://t.co/XWHchoQKdy",0,0
61,#CancelNetflix,2021-06-03 16:30:25,"@NetflixDE The OA Part III, bitte ü§©‚ô•Ô∏è

#SaveTheOA @reedhastings #cancelnetflix https://t.co/XWHchoQKdy",0,0
62,#CancelNetflix,2021-06-03 15:51:28,"@NetflixDE The OA Part III, bitte ü§©‚ô•Ô∏è

#SaveTheOA @reedhastings #cancelnetflix https://t.co/XWHchoQKdy",0,0
63,#CancelNetflix,2021-06-03 12:26:47,"@NetflixDE The OA Part III, bitte ü§©‚ô•Ô∏è

#SaveTheOA @reedhastings #cancelnetflix https://t.co/XWHchoQKdy",0,68
64,#CancelNetflix,2021-06-03 12:22:17,"@NetflixDE The OA Part III, bitte ü§©‚ô•Ô∏è

#SaveTheOA @reedhastings #cancelnetflix https://t.co/XWHchoQKdy",0,1
65,#CancelNetflix,2021-06-03 12:09:31,"@NetflixDE The OA Part III, bitte ü§©‚ô•Ô∏è

#SaveTheOA @reedhastings #cancelnetflix https://t.co/XWHchoQKdy",3,1
66,#CancelNetflix,2021-06-03 09:46:50,"@NetflixDE The OA Part III, bitte ü§©‚ô•Ô∏è

#SaveTheOA @reedhastings #cancelnetflix https://t.co/XWHchoQKdy",2,0
67,#CancelNetflix,2021-06-03 00:55:21,"@NetflixDE The OA Part III, bitte ü§©‚ô•Ô∏è

#SaveTheOA @reedhastings #cancelnetflix https://t.co/XWHchoQKdy",4,0
68,#CancelNetflix,2021-06-02 22:29:40,"@NetflixDE The OA Part III, bitte ü§©‚ô•Ô∏è

#SaveTheOA @reedhastings #cancelnetflix https://t.co/XWHchoQKdy",0,68
69,#CancelNetflix,2021-06-02 15:30:09,"@NetflixDE The OA Part III, bitte ü§©‚ô•Ô∏è

#SaveTheOA @reedhastings #cancelnetflix https://t.co/XWHchoQKdy",0,68
70,#CancelNetflix,2021-06-02 11:44:51,"@NetflixDE The OA Part III, bitte ü§©‚ô•Ô∏è

#SaveTheOA @reedhastings #cancelnetflix https://t.co/XWHchoQKdy",0,0
71,#CancelNetflix,2021-06-02 07:01:19,"@NetflixDE The OA Part III, bitte ü§©‚ô•Ô∏è

#SaveTheOA @reedhastings #cancelnetflix https://t.co/XWHchoQKdy",0,68
72,#CancelNetflix,2021-06-01 23:53:36,"@NetflixDE The OA Part III, bitte ü§©‚ô•Ô∏è

#SaveTheOA @reedhastings #cancelnetflix https://t.co/XWHchoQKdy",0,68
73,#CancelNetflix,2021-06-01 16:59:53,"@NetflixDE The OA Part III, bitte ü§©‚ô•Ô∏è

#SaveTheOA @reedhastings #cancelnetflix https://t.co/XWHchoQKdy",0,68
74,#CancelNetflix,2021-06-01 10:52:30,"@NetflixDE The OA Part III, bitte ü§©‚ô•Ô∏è

#SaveTheOA @reedhastings #cancelnetflix https://t.co/XWHchoQKdy",0,68
75,#CancelNetflix,2021-06-01 07:11:04,"@NetflixDE The OA Part III, bitte ü§©‚ô•Ô∏è

#SaveTheOA @reedhastings #cancelnetflix https://t.co/XWHchoQKdy",0,38
76,#CancelNetflix,2021-06-01 07:10:26,"@NetflixDE The OA Part III, bitte ü§©‚ô•Ô∏è

#SaveTheOA @reedhastings #cancelnetflix https://t.co/XWHchoQKdy",0,133
77,#CancelNetflix,2021-06-01 07:10:12,"@NetflixDE The OA Part III, bitte ü§©‚ô•Ô∏è

#SaveTheOA @reedhastings #cancelnetflix https://t.co/XWHchoQKdy",0,112
78,#CancelNetflix,2021-06-01 07:09:39,"@NetflixDE The OA Part III, bitte ü§©‚ô•Ô∏è

#SaveTheOA @reedhastings #cancelnetflix https://t.co/XWHchoQKdy",0,250
79,#CancelNetflix,2021-06-01 06:25:53,"@NetflixDE The OA Part III, bitte ü§©‚ô•Ô∏è

#SaveTheOA @reedhastings #cancelnetflix https://t.co/XWHchoQKdy",0,68
80,#CancelNetflix,2021-05-31 22:55:21,"@NetflixDE The OA Part III, bitte ü§©‚ô•Ô∏è

#SaveTheOA @reedhastings #cancelnetflix https://t.co/XWHchoQKdy",0,68
81,#CancelNetflix,2021-05-31 20:41:47,"@NetflixDE The OA Part III, bitte ü§©‚ô•Ô∏è

#SaveTheOA @reedhastings #cancelnetflix https://t.co/XWHchoQKdy",0,1
82,#CancelNetflix,2021-05-31 20:37:08,"@NetflixDE The OA Part III, bitte ü§©‚ô•Ô∏è

#SaveTheOA @reedhastings #cancelnetflix https://t.co/XWHchoQKdy",0,1
83,#CancelNetflix,2021-05-31 18:23:20,"@NetflixDE The OA Part III, bitte ü§©‚ô•Ô∏è

#SaveTheOA @reedhastings #cancelnetflix https://t.co/XWHchoQKdy",1,0
84,#CancelNetflix,2021-05-31 15:37:39,"@NetflixDE The OA Part III, bitte ü§©‚ô•Ô∏è

#SaveTheOA @reedhastings #cancelnetflix https://t.co/XWHchoQKdy",3,0
85,#CancelNetflix,2021-05-31 15:34:55,"@NetflixDE The OA Part III, bitte ü§©‚ô•Ô∏è

#SaveTheOA @reedhastings #cancelnetflix https://t.co/XWHchoQKdy",0,68
86,#CancelNetflix,2021-05-31 15:33:39,"@NetflixDE The OA Part III, bitte ü§©‚ô•Ô∏è

#SaveTheOA @reedhastings #cancelnetflix https://t.co/XWHchoQKdy",4,0
87,#CancelNetflix,2021-05-31 15:32:22,"@NetflixDE The OA Part III, bitte ü§©‚ô•Ô∏è

#SaveTheOA @reedhastings #cancelnetflix https://t.co/XWHchoQKdy",0,0
88,#CancelNetflix,2021-05-31 15:31:45,"@NetflixDE The OA Part III, bitte ü§©‚ô•Ô∏è

#SaveTheOA @reedhastings #cancelnetflix https://t.co/XWHchoQKdy",0,0
89,#CancelNetflix,2021-05-31 15:30:35,"@NetflixDE The OA Part III, bitte ü§©‚ô•Ô∏è

#SaveTheOA @reedhastings #cancelnetflix https://t.co/XWHchoQKdy",0,0
90,#CancelNetflix,2021-05-31 14:18:26,"@NetflixDE The OA Part III, bitte ü§©‚ô•Ô∏è

#SaveTheOA @reedhastings #cancelnetflix https://t.co/XWHchoQKdy",0,0
91,#CancelNetflix,2021-05-31 14:03:45,"@NetflixDE The OA Part III, bitte ü§©‚ô•Ô∏è

#SaveTheOA @reedhastings #cancelnetflix https://t.co/XWHchoQKdy",1,0
92,#CancelNetflix,2021-05-31 14:02:59,"@NetflixDE The OA Part III, bitte ü§©‚ô•Ô∏è

#SaveTheOA @reedhastings #cancelnetflix https://t.co/XWHchoQKdy",0,0
93,#CancelNetflix,2021-05-31 14:02:23,"@NetflixDE The OA Part III, bitte ü§©‚ô•Ô∏è

#SaveTheOA @reedhastings #cancelnetflix https://t.co/XWHchoQKdy",1,1
94,#CancelNetflix,2021-05-31 14:01:17,"@NetflixDE The OA Part III, bitte ü§©‚ô•Ô∏è

#SaveTheOA @reedhastings #cancelnetflix https://t.co/XWHchoQKdy",0,0
95,#CancelNetflix,2021-05-31 13:59:49,"@NetflixDE The OA Part III, bitte ü§©‚ô•Ô∏è

#SaveTheOA @reedhastings #cancelnetflix https://t.co/XWHchoQKdy",1,0
96,#CancelNetflix,2021-05-31 13:59:19,"@NetflixDE The OA Part III, bitte ü§©‚ô•Ô∏è

#SaveTheOA @reedhastings #cancelnetflix https://t.co/XWHchoQKdy",0,0
97,#CancelNetflix,2021-05-31 13:58:50,"@NetflixDE The OA Part III, bitte ü§©‚ô•Ô∏è

#SaveTheOA @reedhastings #cancelnetflix https://t.co/XWHchoQKdy",0,0
98,#CancelNetflix,2021-05-31 13:58:02,"@NetflixDE The OA Part III, bitte ü§©‚ô•Ô∏è

#SaveTheOA @reedhastings #cancelnetflix https://t.co/XWHchoQKdy",0,0
99,#CancelNetflix,2021-05-31 13:54:15,"@NetflixDE The OA Part III, bitte ü§©‚ô•Ô∏è

#SaveTheOA @reedhastings #cancelnetflix https://t.co/XWHchoQKdy",0,0
100,#CancelNetflix,2021-05-31 13:53:50,"@NetflixDE The OA Part III, bitte ü§©‚ô•Ô∏è

#SaveTheOA @reedhastings #cancelnetflix https://t.co/XWHchoQKdy",0,0
101,#CancelNetflix,2021-05-31 13:53:12,"@NetflixDE The OA Part III, bitte ü§©‚ô•Ô∏è

#SaveTheOA @reedhastings #cancelnetflix https://t.co/XWHchoQKdy",1,0
102,#CancelNetflix,2021-05-31 13:52:47,"@NetflixDE The OA Part III, bitte ü§©‚ô•Ô∏è

#SaveTheOA @reedhastings #cancelnetflix https://t.co/XWHchoQKdy",0,0
103,#CancelNetflix,2021-05-31 13:51:29,"@NetflixDE The OA Part III, bitte ü§©‚ô•Ô∏è

#SaveTheOA @reedhastings #cancelnetflix https://t.co/XWHchoQKdy",0,0
104,#CancelNetflix,2021-05-31 13:50:59,"@NetflixDE The OA Part III, bitte ü§©‚ô•Ô∏è

#SaveTheOA @reedhastings #cancelnetflix https://t.co/XWHchoQKdy",1,0
105,#CancelNetflix,2021-05-31 13:50:25,"@NetflixDE The OA Part III, bitte ü§©‚ô•Ô∏è

#SaveTheOA @reedhastings #cancelnetflix https://t.co/XWHchoQKdy",0,0
106,#CancelNetflix,2021-05-31 13:49:19,"@NetflixDE The OA Part III, bitte ü§©‚ô•Ô∏è

#SaveTheOA @reedhastings #cancelnetflix https://t.co/XWHchoQKdy",0,0
107,#CancelNetflix,2021-05-31 13:48:48,"@NetflixDE The OA Part III, bitte ü§©‚ô•Ô∏è

#SaveTheOA @reedhastings #cancelnetflix https://t.co/XWHchoQKdy",1,0
108,#CancelNetflix,2021-05-31 13:47:01,"@NetflixDE The OA Part III, bitte ü§©‚ô•Ô∏è

#SaveTheOA @reedhastings #cancelnetflix https://t.co/XWHchoQKdy",1,1
109,#CancelNetflix,2021-05-31 13:46:17,"@NetflixDE The OA Part III, bitte ü§©‚ô•Ô∏è

#SaveTheOA @reedhastings #cancelnetflix https://t.co/XWHchoQKdy",0,0
110,#CancelNetflix,2021-05-31 13:45:44,"@NetflixDE The OA Part III, bitte ü§©‚ô•Ô∏è

#SaveTheOA @reedhastings #cancelnetflix https://t.co/XWHchoQKdy",2,0
111,#CancelNetflix,2021-05-31 13:45:20,"@NetflixDE The OA Part III, bitte ü§©‚ô•Ô∏è

#SaveTheOA @reedhastings #cancelnetflix https://t.co/XWHchoQKdy",0,0
112,#CancelNetflix,2021-05-31 13:44:58,"@NetflixDE The OA Part III, bitte ü§©‚ô•Ô∏è

#SaveTheOA @reedhastings #cancelnetflix https://t.co/XWHchoQKdy",0,0
113,#CancelNetflix,2021-05-31 13:42:42,"@NetflixDE The OA Part III, bitte ü§©‚ô•Ô∏è

#SaveTheOA @reedhastings #cancelnetflix https://t.co/XWHchoQKdy",2,0
114,#CancelNetflix,2021-05-31 09:04:26,"@NetflixDE The OA Part III, bitte ü§©‚ô•Ô∏è

#SaveTheOA @reedhastings #cancelnetflix https://t.co/XWHchoQKdy",0,68
115,#CancelNetflix,2021-05-31 07:34:14,"@NetflixDE The OA Part III, bitte ü§©‚ô•Ô∏è

#SaveTheOA @reedhastings #cancelnetflix https://t.co/XWHchoQKdy",1,0
116,#CancelNetflix,2021-05-31 07:33:39,"@NetflixDE The OA Part III, bitte ü§©‚ô•Ô∏è

#SaveTheOA @reedhastings #cancelnetflix https://t.co/XWHchoQKdy",1,0
117,#CancelNetflix,2021-05-31 07:33:08,"@NetflixDE The OA Part III, bitte ü§©‚ô•Ô∏è

#SaveTheOA @reedhastings #cancelnetflix https://t.co/XWHchoQKdy",0,0
118,#CancelNetflix,2021-05-31 07:32:22,"@NetflixDE The OA Part III, bitte ü§©‚ô•Ô∏è

#SaveTheOA @reedhastings #cancelnetflix https://t.co/XWHchoQKdy",0,0
119,#CancelNetflix,2021-05-31 07:31:54,"@NetflixDE The OA Part III, bitte ü§©‚ô•Ô∏è

#SaveTheOA @reedhastings #cancelnetflix https://t.co/XWHchoQKdy",0,0
120,#CancelNetflix,2021-05-31 07:31:12,"@NetflixDE The OA Part III, bitte ü§©‚ô•Ô∏è

#SaveTheOA @reedhastings #cancelnetflix https://t.co/XWHchoQKdy",0,0
121,#CancelNetflix,2021-05-31 07:30:30,"@NetflixDE The OA Part III, bitte ü§©‚ô•Ô∏è

#SaveTheOA @reedhastings #cancelnetflix https://t.co/XWHchoQKdy",0,0
122,#CancelNetflix,2021-05-31 07:30:02,"@NetflixDE The OA Part III, bitte ü§©‚ô•Ô∏è

#SaveTheOA @reedhastings #cancelnetflix https://t.co/XWHchoQKdy",1,0
123,#CancelNetflix,2021-05-31 02:58:38,"@NetflixDE The OA Part III, bitte ü§©‚ô•Ô∏è

#SaveTheOA @reedhastings #cancelnetflix https://t.co/XWHchoQKdy",0,1
124,#CancelNetflix,2021-05-31 02:49:39,"@NetflixDE The OA Part III, bitte ü§©‚ô•Ô∏è

#SaveTheOA @reedhastings #cancelnetflix https://t.co/XWHchoQKdy",0,1
125,#CancelNetflix,2021-05-31 02:32:15,"@NetflixDE The OA Part III, bitte ü§©‚ô•Ô∏è

#SaveTheOA @reedhastings #cancelnetflix https://t.co/XWHchoQKdy",0,1
126,#CancelNetflix,2021-05-31 02:12:57,"@NetflixDE The OA Part III, bitte ü§©‚ô•Ô∏è

#SaveTheOA @reedhastings #cancelnetflix https://t.co/XWHchoQKdy",0,2
127,#CancelNetflix,2021-05-31 01:46:36,"@NetflixDE The OA Part III, bitte ü§©‚ô•Ô∏è

#SaveTheOA @reedhastings #cancelnetflix https://t.co/XWHchoQKdy",0,1
128,#CancelNetflix,2021-05-31 00:41:58,"@NetflixDE The OA Part III, bitte ü§©‚ô•Ô∏è

#SaveTheOA @reedhastings #cancelnetflix https://t.co/XWHchoQKdy",0,68
129,#CancelNetflix,2021-05-30 23:11:28,"@NetflixDE The OA Part III, bitte ü§©‚ô•Ô∏è

#SaveTheOA @reedhastings #cancelnetflix https://t.co/XWHchoQKdy",1,0
130,#CancelNetflix,2021-05-30 22:16:33,"@NetflixDE The OA Part III, bitte ü§©‚ô•Ô∏è

#SaveTheOA @reedhastings #cancelnetflix https://t.co/XWHchoQKdy",0,2
131,#CancelNetflix,2021-05-30 20:39:19,"@NetflixDE The OA Part III, bitte ü§©‚ô•Ô∏è

#SaveTheOA @reedhastings #cancelnetflix https://t.co/XWHchoQKdy",3,0
132,#CancelNetflix,2021-05-30 20:00:44,"@NetflixDE The OA Part III, bitte ü§©‚ô•Ô∏è

#SaveTheOA @reedhastings #cancelnetflix https://t.co/XWHchoQKdy",1,0
133,#CancelNetflix,2021-05-30 19:51:13,"@NetflixDE The OA Part III, bitte ü§©‚ô•Ô∏è

#SaveTheOA @reedhastings #cancelnetflix https://t.co/XWHchoQKdy",1,0
134,#CancelNetflix,2021-05-30 19:49:22,"@NetflixDE The OA Part III, bitte ü§©‚ô•Ô∏è

#SaveTheOA @reedhastings #cancelnetflix https://t.co/XWHchoQKdy",1,0
135,#CancelNetflix,2021-05-30 19:48:44,"@NetflixDE The OA Part III, bitte ü§©‚ô•Ô∏è

#SaveTheOA @reedhastings #cancelnetflix https://t.co/XWHchoQKdy",1,0
136,#CancelNetflix,2021-05-30 19:47:30,"@NetflixDE The OA Part III, bitte ü§©‚ô•Ô∏è

#SaveTheOA @reedhastings #cancelnetflix https://t.co/XWHchoQKdy",2,1
137,#CancelNetflix,2021-05-30 19:45:11,"@NetflixDE The OA Part III, bitte ü§©‚ô•Ô∏è

#SaveTheOA @reedhastings #cancelnetflix https://t.co/XWHchoQKdy",1,0
138,#CancelNetflix,2021-05-30 19:44:24,"@NetflixDE The OA Part III, bitte ü§©‚ô•Ô∏è

#SaveTheOA @reedhastings #cancelnetflix https://t.co/XWHchoQKdy",1,0
139,#CancelNetflix,2021-05-30 19:42:56,"@NetflixDE The OA Part III, bitte ü§©‚ô•Ô∏è

#SaveTheOA @reedhastings #cancelnetflix https://t.co/XWHchoQKdy",1,0
140,#CancelNetflix,2021-05-30 19:42:05,"@NetflixDE The OA Part III, bitte ü§©‚ô•Ô∏è

#SaveTheOA @reedhastings #cancelnetflix https://t.co/XWHchoQKdy",2,2
141,#CancelNetflix,2021-05-30 19:40:23,"@NetflixDE The OA Part III, bitte ü§©‚ô•Ô∏è

#SaveTheOA @reedhastings #cancelnetflix https://t.co/XWHchoQKdy",0,68
142,#CancelNetflix,2021-05-30 19:39:59,"@NetflixDE The OA Part III, bitte ü§©‚ô•Ô∏è

#SaveTheOA @reedhastings #cancelnetflix https://t.co/XWHchoQKdy",1,0
143,#CancelNetflix,2021-05-30 19:38:43,"@NetflixDE The OA Part III, bitte ü§©‚ô•Ô∏è

#SaveTheOA @reedhastings #cancelnetflix https://t.co/XWHchoQKdy",1,0
144,#CancelNetflix,2021-05-30 19:38:03,"@NetflixDE The OA Part III, bitte ü§©‚ô•Ô∏è

#SaveTheOA @reedhastings #cancelnetflix https://t.co/XWHchoQKdy",3,0
145,#CancelNetflix,2021-05-30 19:37:20,"@NetflixDE The OA Part III, bitte ü§©‚ô•Ô∏è

#SaveTheOA @reedhastings #cancelnetflix https://t.co/XWHchoQKdy",2,1
146,#CancelNetflix,2021-05-30 19:35:22,"@NetflixDE The OA Part III, bitte ü§©‚ô•Ô∏è

#SaveTheOA @reedhastings #cancelnetflix https://t.co/XWHchoQKdy",4,1
147,#CancelNetflix,2021-05-30 19:34:29,"@NetflixDE The OA Part III, bitte ü§©‚ô•Ô∏è

#SaveTheOA @reedhastings #cancelnetflix https://t.co/XWHchoQKdy",1,0
148,#CancelNetflix,2021-05-30 19:33:53,"@NetflixDE The OA Part III, bitte ü§©‚ô•Ô∏è

#SaveTheOA @reedhastings #cancelnetflix https://t.co/XWHchoQKdy",1,1
149,#CancelNetflix,2021-05-30 19:33:11,"@NetflixDE The OA Part III, bitte ü§©‚ô•Ô∏è

#SaveTheOA @reedhastings #cancelnetflix https://t.co/XWHchoQKdy",1,0
150,#CancelNetflix,2021-05-30 19:32:17,"@NetflixDE The OA Part III, bitte ü§©‚ô•Ô∏è

#SaveTheOA @reedhastings #cancelnetflix https://t.co/XWHchoQKdy",1,0
151,#CancelNetflix,2021-05-30 19:31:30,"@NetflixDE The OA Part III, bitte ü§©‚ô•Ô∏è

#SaveTheOA @reedhastings #cancelnetflix https://t.co/XWHchoQKdy",2,0
152,#CancelNetflix,2021-05-30 19:30:57,"@NetflixDE The OA Part III, bitte ü§©‚ô•Ô∏è

#SaveTheOA @reedhastings #cancelnetflix https://t.co/XWHchoQKdy",2,0
153,#CancelNetflix,2021-05-30 19:29:32,"@NetflixDE The OA Part III, bitte ü§©‚ô•Ô∏è

#SaveTheOA @reedhastings #cancelnetflix https://t.co/XWHchoQKdy",4,0
154,#CancelNetflix,2021-05-30 10:10:55,"@NetflixDE The OA Part III, bitte ü§©‚ô•Ô∏è

#SaveTheOA @reedhastings #cancelnetflix https://t.co/XWHchoQKdy",0,68
155,#CancelNetflix,2021-05-30 09:24:40,"@NetflixDE The OA Part III, bitte ü§©‚ô•Ô∏è

#SaveTheOA @reedhastings #cancelnetflix https://t.co/XWHchoQKdy",0,1
156,#CancelNetflix,2021-05-30 09:08:46,"@NetflixDE The OA Part III, bitte ü§©‚ô•Ô∏è

#SaveTheOA @reedhastings #cancelnetflix https://t.co/XWHchoQKdy",4,1
157,#CancelNetflix,2021-05-30 09:04:53,"@NetflixDE The OA Part III, bitte ü§©‚ô•Ô∏è

#SaveTheOA @reedhastings #cancelnetflix https://t.co/XWHchoQKdy",2,0
158,#CancelNetflix,2021-05-30 09:03:44,"@NetflixDE The OA Part III, bitte ü§©‚ô•Ô∏è

#SaveTheOA @reedhastings #cancelnetflix https://t.co/XWHchoQKdy",3,0
159,#CancelNetflix,2021-05-30 09:03:12,"@NetflixDE The OA Part III, bitte ü§©‚ô•Ô∏è

#SaveTheOA @reedhastings #cancelnetflix https://t.co/XWHchoQKdy",4,1
160,#CancelNetflix,2021-05-30 09:00:38,"@NetflixDE The OA Part III, bitte ü§©‚ô•Ô∏è

#SaveTheOA @reedhastings #cancelnetflix https://t.co/XWHchoQKdy",2,0
161,#CancelNetflix,2021-05-30 09:00:11,"@NetflixDE The OA Part III, bitte ü§©‚ô•Ô∏è

#SaveTheOA @reedhastings #cancelnetflix https://t.co/XWHchoQKdy",3,0
162,#CancelNetflix,2021-05-30 08:59:30,"@NetflixDE The OA Part III, bitte ü§©‚ô•Ô∏è

#SaveTheOA @reedhastings #cancelnetflix https://t.co/XWHchoQKdy",3,0
163,#CancelNetflix,2021-05-30 00:30:50,"@NetflixDE The OA Part III, bitte ü§©‚ô•Ô∏è

#SaveTheOA @reedhastings #cancelnetflix https://t.co/XWHchoQKdy",0,1
164,#Cuties,2021-06-06 17:53:29,"@NetflixDE The OA Part III, bitte ü§©‚ô•Ô∏è

#SaveTheOA @reedhastings #cancelnetflix https://t.co/XWHchoQKdy",0,1
165,#Cuties,2021-06-06 17:20:36,"@NetflixDE The OA Part III, bitte ü§©‚ô•Ô∏è

#SaveTheOA @reedhastings #cancelnetflix https://t.co/XWHchoQKdy",6,0
166,#Cuties,2021-06-06 17:15:49,"@NetflixDE The OA Part III, bitte ü§©‚ô•Ô∏è

#SaveTheOA @reedhastings #cancelnetflix https://t.co/XWHchoQKdy",4,0
167,#Cuties,2021-06-06 16:51:02,"@NetflixDE The OA Part III, bitte ü§©‚ô•Ô∏è

#SaveTheOA @reedhastings #cancelnetflix https://t.co/XWHchoQKdy",1,0
168,#Cuties,2021-06-06 09:51:33,"@NetflixDE The OA Part III, bitte ü§©‚ô•Ô∏è

#SaveTheOA @reedhastings #cancelnetflix https://t.co/XWHchoQKdy",2,0
169,#Cuties,2021-06-06 08:47:07,"@NetflixDE The OA Part III, bitte ü§©‚ô•Ô∏è

#SaveTheOA @reedhastings #cancelnetflix https://t.co/XWHchoQKdy",0,1
170,#Cuties,2021-06-06 08:36:13,"@NetflixDE The OA Part III, bitte ü§©‚ô•Ô∏è

#SaveTheOA @reedhastings #cancelnetflix https://t.co/XWHchoQKdy",0,3
171,#Cuties,2021-06-06 08:18:43,"@NetflixDE The OA Part III, bitte ü§©‚ô•Ô∏è

#SaveTheOA @reedhastings #cancelnetflix https://t.co/XWHchoQKdy",0,3
172,#Cuties,2021-06-06 08:18:34,"@NetflixDE The OA Part III, bitte ü§©‚ô•Ô∏è

#SaveTheOA @reedhastings #cancelnetflix https://t.co/XWHchoQKdy",0,3
173,#Cuties,2021-06-06 08:18:05,"@NetflixDE The OA Part III, bitte ü§©‚ô•Ô∏è

#SaveTheOA @reedhastings #cancelnetflix https://t.co/XWHchoQKdy",11,3
174,#Cuties,2021-06-06 03:27:37,"@NetflixDE The OA Part III, bitte ü§©‚ô•Ô∏è

#SaveTheOA @reedhastings #cancelnetflix https://t.co/XWHchoQKdy",0,1
175,#Cuties,2021-06-06 03:27:16,"@NetflixDE The OA Part III, bitte ü§©‚ô•Ô∏è

#SaveTheOA @reedhastings #cancelnetflix https://t.co/XWHchoQKdy",1,1
176,#Cuties,2021-06-06 00:53:25,"@NetflixDE The OA Part III, bitte ü§©‚ô•Ô∏è

#SaveTheOA @reedhastings #cancelnetflix https://t.co/XWHchoQKdy",0,0
177,#Cuties,2021-06-06 00:46:06,"@NetflixDE The OA Part III, bitte ü§©‚ô•Ô∏è

#SaveTheOA @reedhastings #cancelnetflix https://t.co/XWHchoQKdy",0,0
178,#Cuties,2021-06-05 20:57:07,"@NetflixDE The OA Part III, bitte ü§©‚ô•Ô∏è

#SaveTheOA @reedhastings #cancelnetflix https://t.co/XWHchoQKdy",3,0
179,#Cuties,2021-06-05 20:34:27,"@NetflixDE The OA Part III, bitte ü§©‚ô•Ô∏è

#SaveTheOA @reedhastings #cancelnetflix https://t.co/XWHchoQKdy",0,2
180,#Cuties,2021-06-05 19:16:23,"@NetflixDE The OA Part III, bitte ü§©‚ô•Ô∏è

#SaveTheOA @reedhastings #cancelnetflix https://t.co/XWHchoQKdy",0,0
181,#Cuties,2021-06-05 18:56:52,"@NetflixDE The OA Part III, bitte ü§©‚ô•Ô∏è

#SaveTheOA @reedhastings #cancelnetflix https://t.co/XWHchoQKdy",1,1
182,#Cuties,2021-06-05 16:40:53,"@NetflixDE The OA Part III, bitte ü§©‚ô•Ô∏è

#SaveTheOA @reedhastings #cancelnetflix https://t.co/XWHchoQKdy",1,0
183,#Cuties,2021-06-05 15:33:20,"@NetflixDE The OA Part III, bitte ü§©‚ô•Ô∏è

#SaveTheOA @reedhastings #cancelnetflix https://t.co/XWHchoQKdy",7,1
184,#Cuties,2021-06-05 11:07:32,"@NetflixDE The OA Part III, bitte ü§©‚ô•Ô∏è

#SaveTheOA @reedhastings #cancelnetflix https://t.co/XWHchoQKdy",0,1
185,#Cuties,2021-06-05 11:06:01,"@NetflixDE The OA Part III, bitte ü§©‚ô•Ô∏è

#SaveTheOA @reedhastings #cancelnetflix https://t.co/XWHchoQKdy",0,0
186,#Cuties,2021-06-05 11:04:11,"@NetflixDE The OA Part III, bitte ü§©‚ô•Ô∏è

#SaveTheOA @reedhastings #cancelnetflix https://t.co/XWHchoQKdy",1,1
187,#Cuties,2021-06-05 09:46:28,"@NetflixDE The OA Part III, bitte ü§©‚ô•Ô∏è

#SaveTheOA @reedhastings #cancelnetflix https://t.co/XWHchoQKdy",0,0
188,#Cuties,2021-06-05 07:42:24,"@NetflixDE The OA Part III, bitte ü§©‚ô•Ô∏è

#SaveTheOA @reedhastings #cancelnetflix https://t.co/XWHchoQKdy",0,50
189,#Cuties,2021-06-05 04:09:43,"@NetflixDE The OA Part III, bitte ü§©‚ô•Ô∏è

#SaveTheOA @reedhastings #cancelnetflix https://t.co/XWHchoQKdy",0,140
190,#Cuties,2021-06-05 02:53:13,"@NetflixDE The OA Part III, bitte ü§©‚ô•Ô∏è

#SaveTheOA @reedhastings #cancelnetflix https://t.co/XWHchoQKdy",0,0
191,#Cuties,2021-06-05 01:25:15,"@NetflixDE The OA Part III, bitte ü§©‚ô•Ô∏è

#SaveTheOA @reedhastings #cancelnetflix https://t.co/XWHchoQKdy",0,50
192,#Cuties,2021-06-05 01:03:02,"@NetflixDE The OA Part III, bitte ü§©‚ô•Ô∏è

#SaveTheOA @reedhastings #cancelnetflix https://t.co/XWHchoQKdy",1,0
193,#Cuties,2021-06-04 19:53:47,"@NetflixDE The OA Part III, bitte ü§©‚ô•Ô∏è

#SaveTheOA @reedhastings #cancelnetflix https://t.co/XWHchoQKdy",1,0
194,#Cuties,2021-06-04 19:11:56,"@NetflixDE The OA Part III, bitte ü§©‚ô•Ô∏è

#SaveTheOA @reedhastings #cancelnetflix https://t.co/XWHchoQKdy",0,0
195,#Cuties,2021-06-04 12:49:14,"@NetflixDE The OA Part III, bitte ü§©‚ô•Ô∏è

#SaveTheOA @reedhastings #cancelnetflix https://t.co/XWHchoQKdy",0,0
196,#Cuties,2021-06-04 12:28:58,"@NetflixDE The OA Part III, bitte ü§©‚ô•Ô∏è

#SaveTheOA @reedhastings #cancelnetflix https://t.co/XWHchoQKdy",2,0
197,#Cuties,2021-06-04 06:02:35,"@NetflixDE The OA Part III, bitte ü§©‚ô•Ô∏è

#SaveTheOA @reedhastings #cancelnetflix https://t.co/XWHchoQKdy",1,0
198,#Cuties,2021-06-04 03:17:56,"@NetflixDE The OA Part III, bitte ü§©‚ô•Ô∏è

#SaveTheOA @reedhastings #cancelnetflix https://t.co/XWHchoQKdy",0,1
199,#Cuties,2021-06-04 03:17:33,"@NetflixDE The OA Part III, bitte ü§©‚ô•Ô∏è

#SaveTheOA @reedhastings #cancelnetflix https://t.co/XWHchoQKdy",0,1
200,#Cuties,2021-06-04 02:50:06,"@NetflixDE The OA Part III, bitte ü§©‚ô•Ô∏è

#SaveTheOA @reedhastings #cancelnetflix https://t.co/XWHchoQKdy",0,2
201,#Cuties,2021-06-04 02:49:56,"@NetflixDE The OA Part III, bitte ü§©‚ô•Ô∏è

#SaveTheOA @reedhastings #cancelnetflix https://t.co/XWHchoQKdy",0,2
202,#Cuties,2021-06-04 00:38:13,"@NetflixDE The OA Part III, bitte ü§©‚ô•Ô∏è

#SaveTheOA @reedhastings #cancelnetflix https://t.co/XWHchoQKdy",0,0
203,#Cuties,2021-06-03 23:47:53,"@NetflixDE The OA Part III, bitte ü§©‚ô•Ô∏è

#SaveTheOA @reedhastings #cancelnetflix https://t.co/XWHchoQKdy",0,0
204,#Cuties,2021-06-03 23:15:59,"@NetflixDE The OA Part III, bitte ü§©‚ô•Ô∏è

#SaveTheOA @reedhastings #cancelnetflix https://t.co/XWHchoQKdy",0,0
205,#Cuties,2021-06-03 22:48:36,"@NetflixDE The OA Part III, bitte ü§©‚ô•Ô∏è

#SaveTheOA @reedhastings #cancelnetflix https://t.co/XWHchoQKdy",0,6
206,#Cuties,2021-06-03 22:00:11,"@NetflixDE The OA Part III, bitte ü§©‚ô•Ô∏è

#SaveTheOA @reedhastings #cancelnetflix https://t.co/XWHchoQKdy",2,0
207,#Cuties,2021-06-03 21:13:14,"@NetflixDE The OA Part III, bitte ü§©‚ô•Ô∏è

#SaveTheOA @reedhastings #cancelnetflix https://t.co/XWHchoQKdy",0,6
208,#Cuties,2021-06-03 20:53:27,"@NetflixDE The OA Part III, bitte ü§©‚ô•Ô∏è

#SaveTheOA @reedhastings #cancelnetflix https://t.co/XWHchoQKdy",0,11
209,#Cuties,2021-06-03 20:51:04,"@NetflixDE The OA Part III, bitte ü§©‚ô•Ô∏è

#SaveTheOA @reedhastings #cancelnetflix https://t.co/XWHchoQKdy",0,0
210,#Cuties,2021-06-03 20:30:15,"@NetflixDE The OA Part III, bitte ü§©‚ô•Ô∏è

#SaveTheOA @reedhastings #cancelnetflix https://t.co/XWHchoQKdy",0,6
211,#Cuties,2021-06-03 19:47:40,"@NetflixDE The OA Part III, bitte ü§©‚ô•Ô∏è

#SaveTheOA @reedhastings #cancelnetflix https://t.co/XWHchoQKdy",1,0
212,#Cuties,2021-06-03 19:33:12,"@NetflixDE The OA Part III, bitte ü§©‚ô•Ô∏è

#SaveTheOA @reedhastings #cancelnetflix https://t.co/XWHchoQKdy",0,6
213,#Cuties,2021-06-03 19:23:05,"@NetflixDE The OA Part III, bitte ü§©‚ô•Ô∏è

#SaveTheOA @reedhastings #cancelnetflix https://t.co/XWHchoQKdy",0,4
214,#Cuties,2021-06-03 19:05:45,"@NetflixDE The OA Part III, bitte ü§©‚ô•Ô∏è

#SaveTheOA @reedhastings #cancelnetflix https://t.co/XWHchoQKdy",0,0
215,#Cuties,2021-06-03 18:53:52,"@NetflixDE The OA Part III, bitte ü§©‚ô•Ô∏è

#SaveTheOA @reedhastings #cancelnetflix https://t.co/XWHchoQKdy",164,6
216,#Cuties,2021-06-03 18:47:53,"@NetflixDE The OA Part III, bitte ü§©‚ô•Ô∏è

#SaveTheOA @reedhastings #cancelnetflix https://t.co/XWHchoQKdy",0,5
217,#Cuties,2021-06-03 18:47:48,"@NetflixDE The OA Part III, bitte ü§©‚ô•Ô∏è

#SaveTheOA @reedhastings #cancelnetflix https://t.co/XWHchoQKdy",0,11
218,#Cuties,2021-06-03 18:44:33,"@NetflixDE The OA Part III, bitte ü§©‚ô•Ô∏è

#SaveTheOA @reedhastings #cancelnetflix https://t.co/XWHchoQKdy",0,6
219,#Cuties,2021-06-03 17:33:05,"@NetflixDE The OA Part III, bitte ü§©‚ô•Ô∏è

#SaveTheOA @reedhastings #cancelnetflix https://t.co/XWHchoQKdy",0,50
220,#Cuties,2021-06-03 15:41:10,"@NetflixDE The OA Part III, bitte ü§©‚ô•Ô∏è

#SaveTheOA @reedhastings #cancelnetflix https://t.co/XWHchoQKdy",0,0
221,#Cuties,2021-06-03 15:16:11,"@NetflixDE The OA Part III, bitte ü§©‚ô•Ô∏è

#SaveTheOA @reedhastings #cancelnetflix https://t.co/XWHchoQKdy",0,13
222,#Cuties,2021-06-03 15:08:10,"@NetflixDE The OA Part III, bitte ü§©‚ô•Ô∏è

#SaveTheOA @reedhastings #cancelnetflix https://t.co/XWHchoQKdy",17,0
223,#Cuties,2021-06-03 14:24:52,"@NetflixDE The OA Part III, bitte ü§©‚ô•Ô∏è

#SaveTheOA @reedhastings #cancelnetflix https://t.co/XWHchoQKdy",0,13
224,#Cuties,2021-06-03 09:44:05,"@NetflixDE The OA Part III, bitte ü§©‚ô•Ô∏è

#SaveTheOA @reedhastings #cancelnetflix https://t.co/XWHchoQKdy",0,26
225,#Cuties,2021-06-03 05:22:44,"@NetflixDE The OA Part III, bitte ü§©‚ô•Ô∏è

#SaveTheOA @reedhastings #cancelnetflix https://t.co/XWHchoQKdy",0,2
226,#Cuties,2021-06-03 05:21:22,"@NetflixDE The OA Part III, bitte ü§©‚ô•Ô∏è

#SaveTheOA @reedhastings #cancelnetflix https://t.co/XWHchoQKdy",0,2
227,#Cuties,2021-06-03 04:34:11,"@NetflixDE The OA Part III, bitte ü§©‚ô•Ô∏è

#SaveTheOA @reedhastings #cancelnetflix https://t.co/XWHchoQKdy",1,0
228,#Cuties,2021-06-03 04:21:40,"@NetflixDE The OA Part III, bitte ü§©‚ô•Ô∏è

#SaveTheOA @reedhastings #cancelnetflix https://t.co/XWHchoQKdy",0,0
229,#Cuties,2021-06-03 04:01:18,"@NetflixDE The OA Part III, bitte ü§©‚ô•Ô∏è

#SaveTheOA @reedhastings #cancelnetflix https://t.co/XWHchoQKdy",14,2
230,#Cuties,2021-06-03 03:46:44,"@NetflixDE The OA Part III, bitte ü§©‚ô•Ô∏è

#SaveTheOA @reedhastings #cancelnetflix https://t.co/XWHchoQKdy",0,50
231,#Cuties,2021-06-03 01:28:44,"@NetflixDE The OA Part III, bitte ü§©‚ô•Ô∏è

#SaveTheOA @reedhastings #cancelnetflix https://t.co/XWHchoQKdy",0,50
232,#Cuties,2021-06-02 21:42:51,"@NetflixDE The OA Part III, bitte ü§©‚ô•Ô∏è

#SaveTheOA @reedhastings #cancelnetflix https://t.co/XWHchoQKdy",1,0
233,#Cuties,2021-06-02 20:49:12,"@NetflixDE The OA Part III, bitte ü§©‚ô•Ô∏è

#SaveTheOA @reedhastings #cancelnetflix https://t.co/XWHchoQKdy",6,0
234,#Cuties,2021-06-02 20:28:45,"@NetflixDE The OA Part III, bitte ü§©‚ô•Ô∏è

#SaveTheOA @reedhastings #cancelnetflix https://t.co/XWHchoQKdy",0,50
235,#Cuties,2021-06-02 19:48:42,"@NetflixDE The OA Part III, bitte ü§©‚ô•Ô∏è

#SaveTheOA @reedhastings #cancelnetflix https://t.co/XWHchoQKdy",0,0
236,#Cuties,2021-06-02 19:22:48,"@NetflixDE The OA Part III, bitte ü§©‚ô•Ô∏è

#SaveTheOA @reedhastings #cancelnetflix https://t.co/XWHchoQKdy",0,50
237,#Cuties,2021-06-02 18:51:53,"@NetflixDE The OA Part III, bitte ü§©‚ô•Ô∏è

#SaveTheOA @reedhastings #cancelnetflix https://t.co/XWHchoQKdy",0,50
238,#Cuties,2021-06-02 17:45:23,"@NetflixDE The OA Part III, bitte ü§©‚ô•Ô∏è

#SaveTheOA @reedhastings #cancelnetflix https://t.co/XWHchoQKdy",0,140
239,#Cuties,2021-06-02 17:14:40,"@NetflixDE The OA Part III, bitte ü§©‚ô•Ô∏è

#SaveTheOA @reedhastings #cancelnetflix https://t.co/XWHchoQKdy",0,50
240,#Cuties,2021-06-02 14:13:41,"@NetflixDE The OA Part III, bitte ü§©‚ô•Ô∏è

#SaveTheOA @reedhastings #cancelnetflix https://t.co/XWHchoQKdy",0,50
241,#Cuties,2021-06-02 13:43:49,"@NetflixDE The OA Part III, bitte ü§©‚ô•Ô∏è

#SaveTheOA @reedhastings #cancelnetflix https://t.co/XWHchoQKdy",0,4
242,#Cuties,2021-06-02 13:04:06,"@NetflixDE The OA Part III, bitte ü§©‚ô•Ô∏è

#SaveTheOA @reedhastings #cancelnetflix https://t.co/XWHchoQKdy",0,50
243,#Cuties,2021-06-02 13:00:01,"@NetflixDE The OA Part III, bitte ü§©‚ô•Ô∏è

#SaveTheOA @reedhastings #cancelnetflix https://t.co/XWHchoQKdy",1,0
244,#Cuties,2021-06-02 12:43:35,"@NetflixDE The OA Part III, bitte ü§©‚ô•Ô∏è

#SaveTheOA @reedhastings #cancelnetflix https://t.co/XWHchoQKdy",0,9
245,#Cuties,2021-06-02 12:36:53,"@NetflixDE The OA Part III, bitte ü§©‚ô•Ô∏è

#SaveTheOA @reedhastings #cancelnetflix https://t.co/XWHchoQKdy",0,50
246,#Cuties,2021-06-02 12:00:40,"@NetflixDE The OA Part III, bitte ü§©‚ô•Ô∏è

#SaveTheOA @reedhastings #cancelnetflix https://t.co/XWHchoQKdy",0,0
247,#Cuties,2021-06-02 11:48:35,"@NetflixDE The OA Part III, bitte ü§©‚ô•Ô∏è

#SaveTheOA @reedhastings #cancelnetflix https://t.co/XWHchoQKdy",0,50
248,#Cuties,2021-06-02 11:23:13,"@NetflixDE The OA Part III, bitte ü§©‚ô•Ô∏è

#SaveTheOA @reedhastings #cancelnetflix https://t.co/XWHchoQKdy",0,0
249,#Cuties,2021-06-02 11:23:04,"@NetflixDE The OA Part III, bitte ü§©‚ô•Ô∏è

#SaveTheOA @reedhastings #cancelnetflix https://t.co/XWHchoQKdy",0,4
250,#Cuties,2021-06-02 11:20:39,"@NetflixDE The OA Part III, bitte ü§©‚ô•Ô∏è

#SaveTheOA @reedhastings #cancelnetflix https://t.co/XWHchoQKdy",0,3
251,#Cuties,2021-06-02 09:44:23,"@NetflixDE The OA Part III, bitte ü§©‚ô•Ô∏è

#SaveTheOA @reedhastings #cancelnetflix https://t.co/XWHchoQKdy",0,50
252,#Cuties,2021-06-02 04:36:38,"@NetflixDE The OA Part III, bitte ü§©‚ô•Ô∏è

#SaveTheOA @reedhastings #cancelnetflix https://t.co/XWHchoQKdy",0,50
253,#Cuties,2021-06-02 04:27:34,"@NetflixDE The OA Part III, bitte ü§©‚ô•Ô∏è

#SaveTheOA @reedhastings #cancelnetflix https://t.co/XWHchoQKdy",1,0
254,#Cuties,2021-06-02 04:21:25,"@NetflixDE The OA Part III, bitte ü§©‚ô•Ô∏è

#SaveTheOA @reedhastings #cancelnetflix https://t.co/XWHchoQKdy",0,50
255,#Cuties,2021-06-02 01:53:36,"@NetflixDE The OA Part III, bitte ü§©‚ô•Ô∏è

#SaveTheOA @reedhastings #cancelnetflix https://t.co/XWHchoQKdy",0,50
256,#Cuties,2021-06-02 01:32:02,"@NetflixDE The OA Part III, bitte ü§©‚ô•Ô∏è

#SaveTheOA @reedhastings #cancelnetflix https://t.co/XWHchoQKdy",0,4
257,#Cuties,2021-06-02 01:30:42,"@NetflixDE The OA Part III, bitte ü§©‚ô•Ô∏è

#SaveTheOA @reedhastings #cancelnetflix https://t.co/XWHchoQKdy",0,50
258,#Cuties,2021-06-02 01:29:31,"@NetflixDE The OA Part III, bitte ü§©‚ô•Ô∏è

#SaveTheOA @reedhastings #cancelnetflix https://t.co/XWHchoQKdy",0,50
259,#Cuties,2021-06-02 01:28:39,"@NetflixDE The OA Part III, bitte ü§©‚ô•Ô∏è

#SaveTheOA @reedhastings #cancelnetflix https://t.co/XWHchoQKdy",0,50
260,#Cuties,2021-06-02 01:27:07,"@NetflixDE The OA Part III, bitte ü§©‚ô•Ô∏è

#SaveTheOA @reedhastings #cancelnetflix https://t.co/XWHchoQKdy",0,50
261,#Cuties,2021-06-02 01:09:23,"@NetflixDE The OA Part III, bitte ü§©‚ô•Ô∏è

#SaveTheOA @reedhastings #cancelnetflix https://t.co/XWHchoQKdy",0,50
262,#Cuties,2021-06-02 00:15:02,"@NetflixDE The OA Part III, bitte ü§©‚ô•Ô∏è

#SaveTheOA @reedhastings #cancelnetflix https://t.co/XWHchoQKdy",0,50
263,#Cuties,2021-06-01 23:57:50,"@NetflixDE The OA Part III, bitte ü§©‚ô•Ô∏è

#SaveTheOA @reedhastings #cancelnetflix https://t.co/XWHchoQKdy",0,0
264,#Cuties,2021-06-01 23:54:20,"@NetflixDE The OA Part III, bitte ü§©‚ô•Ô∏è

#SaveTheOA @reedhastings #cancelnetflix https://t.co/XWHchoQKdy",5,0
265,#Cuties,2021-06-01 23:36:55,"@NetflixDE The OA Part III, bitte ü§©‚ô•Ô∏è

#SaveTheOA @reedhastings #cancelnetflix https://t.co/XWHchoQKdy",0,50
266,#Cuties,2021-06-01 23:12:12,"@NetflixDE The OA Part III, bitte ü§©‚ô•Ô∏è

#SaveTheOA @reedhastings #cancelnetflix https://t.co/XWHchoQKdy",0,4
267,#Cuties,2021-06-01 23:08:17,"@NetflixDE The OA Part III, bitte ü§©‚ô•Ô∏è

#SaveTheOA @reedhastings #cancelnetflix https://t.co/XWHchoQKdy",0,50
268,#Cuties,2021-06-01 23:05:47,"@NetflixDE The OA Part III, bitte ü§©‚ô•Ô∏è

#SaveTheOA @reedhastings #cancelnetflix https://t.co/XWHchoQKdy",0,50
269,#Cuties,2021-06-01 23:04:11,"@NetflixDE The OA Part III, bitte ü§©‚ô•Ô∏è

#SaveTheOA @reedhastings #cancelnetflix https://t.co/XWHchoQKdy",0,50
270,#Cuties,2021-06-01 22:26:20,"@NetflixDE The OA Part III, bitte ü§©‚ô•Ô∏è

#SaveTheOA @reedhastings #cancelnetflix https://t.co/XWHchoQKdy",0,50
271,#Cuties,2021-06-01 22:20:16,"@NetflixDE The OA Part III, bitte ü§©‚ô•Ô∏è

#SaveTheOA @reedhastings #cancelnetflix https://t.co/XWHchoQKdy",35,4
272,#Cuties,2021-06-01 21:53:19,"@NetflixDE The OA Part III, bitte ü§©‚ô•Ô∏è

#SaveTheOA @reedhastings #cancelnetflix https://t.co/XWHchoQKdy",0,50
273,#Cuties,2021-06-01 21:43:40,"@NetflixDE The OA Part III, bitte ü§©‚ô•Ô∏è

#SaveTheOA @reedhastings #cancelnetflix https://t.co/XWHchoQKdy",0,140
274,#Cuties,2021-06-01 21:41:13,"@NetflixDE The OA Part III, bitte ü§©‚ô•Ô∏è

#SaveTheOA @reedhastings #cancelnetflix https://t.co/XWHchoQKdy",0,140
275,#Cuties,2021-06-01 21:34:06,"@NetflixDE The OA Part III, bitte ü§©‚ô•Ô∏è

#SaveTheOA @reedhastings #cancelnetflix https://t.co/XWHchoQKdy",0,50
276,#Cuties,2021-06-01 21:29:56,"@NetflixDE The OA Part III, bitte ü§©‚ô•Ô∏è

#SaveTheOA @reedhastings #cancelnetflix https://t.co/XWHchoQKdy",0,140
277,#Cuties,2021-06-01 21:27:45,"@NetflixDE The OA Part III, bitte ü§©‚ô•Ô∏è

#SaveTheOA @reedhastings #cancelnetflix https://t.co/XWHchoQKdy",0,140
278,#Cuties,2021-06-01 21:26:54,"@NetflixDE The OA Part III, bitte ü§©‚ô•Ô∏è

#SaveTheOA @reedhastings #cancelnetflix https://t.co/XWHchoQKdy",0,140
279,#Cuties,2021-06-01 21:26:13,"@NetflixDE The OA Part III, bitte ü§©‚ô•Ô∏è

#SaveTheOA @reedhastings #cancelnetflix https://t.co/XWHchoQKdy",0,50
280,#Cuties,2021-06-01 21:21:53,"@NetflixDE The OA Part III, bitte ü§©‚ô•Ô∏è

#SaveTheOA @reedhastings #cancelnetflix https://t.co/XWHchoQKdy",0,50
281,#Cuties,2021-06-01 21:19:52,"@NetflixDE The OA Part III, bitte ü§©‚ô•Ô∏è

#SaveTheOA @reedhastings #cancelnetflix https://t.co/XWHchoQKdy",0,140
282,#Cuties,2021-06-01 21:19:16,"@NetflixDE The OA Part III, bitte ü§©‚ô•Ô∏è

#SaveTheOA @reedhastings #cancelnetflix https://t.co/XWHchoQKdy",0,50
283,#Cuties,2021-06-01 21:15:53,"@NetflixDE The OA Part III, bitte ü§©‚ô•Ô∏è

#SaveTheOA @reedhastings #cancelnetflix https://t.co/XWHchoQKdy",0,50
284,#Cuties,2021-06-01 21:02:00,"@NetflixDE The OA Part III, bitte ü§©‚ô•Ô∏è

#SaveTheOA @reedhastings #cancelnetflix https://t.co/XWHchoQKdy",0,50
285,#Cuties,2021-06-01 20:58:34,"@NetflixDE The OA Part III, bitte ü§©‚ô•Ô∏è

#SaveTheOA @reedhastings #cancelnetflix https://t.co/XWHchoQKdy",0,50
286,#Cuties,2021-06-01 20:45:12,"@NetflixDE The OA Part III, bitte ü§©‚ô•Ô∏è

#SaveTheOA @reedhastings #cancelnetflix https://t.co/XWHchoQKdy",0,140
287,#Cuties,2021-06-01 20:43:42,"@NetflixDE The OA Part III, bitte ü§©‚ô•Ô∏è

#SaveTheOA @reedhastings #cancelnetflix https://t.co/XWHchoQKdy",0,140
288,#Cuties,2021-06-01 20:40:03,"@NetflixDE The OA Part III, bitte ü§©‚ô•Ô∏è

#SaveTheOA @reedhastings #cancelnetflix https://t.co/XWHchoQKdy",0,50
289,#Cuties,2021-06-01 20:38:18,"@NetflixDE The OA Part III, bitte ü§©‚ô•Ô∏è

#SaveTheOA @reedhastings #cancelnetflix https://t.co/XWHchoQKdy",0,50
290,#Cuties,2021-06-01 20:26:13,"@NetflixDE The OA Part III, bitte ü§©‚ô•Ô∏è

#SaveTheOA @reedhastings #cancelnetflix https://t.co/XWHchoQKdy",0,50
291,#Cuties,2021-06-01 20:16:02,"@NetflixDE The OA Part III, bitte ü§©‚ô•Ô∏è

#SaveTheOA @reedhastings #cancelnetflix https://t.co/XWHchoQKdy",0,50
292,#Cuties,2021-06-01 20:08:52,"@NetflixDE The OA Part III, bitte ü§©‚ô•Ô∏è

#SaveTheOA @reedhastings #cancelnetflix https://t.co/XWHchoQKdy",0,140
293,#Cuties,2021-06-01 20:05:44,"@NetflixDE The OA Part III, bitte ü§©‚ô•Ô∏è

#SaveTheOA @reedhastings #cancelnetflix https://t.co/XWHchoQKdy",0,50
294,#Cuties,2021-06-01 20:05:10,"@NetflixDE The OA Part III, bitte ü§©‚ô•Ô∏è

#SaveTheOA @reedhastings #cancelnetflix https://t.co/XWHchoQKdy",0,140
295,#Cuties,2021-06-01 20:01:34,"@NetflixDE The OA Part III, bitte ü§©‚ô•Ô∏è

#SaveTheOA @reedhastings #cancelnetflix https://t.co/XWHchoQKdy",0,50
296,#Cuties,2021-06-01 20:00:03,"@NetflixDE The OA Part III, bitte ü§©‚ô•Ô∏è

#SaveTheOA @reedhastings #cancelnetflix https://t.co/XWHchoQKdy",0,50
297,#Cuties,2021-06-01 19:57:30,"@NetflixDE The OA Part III, bitte ü§©‚ô•Ô∏è

#SaveTheOA @reedhastings #cancelnetflix https://t.co/XWHchoQKdy",0,140
298,#Cuties,2021-06-01 19:56:04,"@NetflixDE The OA Part III, bitte ü§©‚ô•Ô∏è

#SaveTheOA @reedhastings #cancelnetflix https://t.co/XWHchoQKdy",0,140
299,#Cuties,2021-06-01 19:55:12,"@NetflixDE The OA Part III, bitte ü§©‚ô•Ô∏è

#SaveTheOA @reedhastings #cancelnetflix https://t.co/XWHchoQKdy",0,140
300,#Cuties,2021-06-01 19:54:27,"@NetflixDE The OA Part III, bitte ü§©‚ô•Ô∏è

#SaveTheOA @reedhastings #cancelnetflix https://t.co/XWHchoQKdy",0,140
301,#Cuties,2021-06-01 19:52:37,"@NetflixDE The OA Part III, bitte ü§©‚ô•Ô∏è

#SaveTheOA @reedhastings #cancelnetflix https://t.co/XWHchoQKdy",0,50
302,#Cuties,2021-06-01 19:51:27,"@NetflixDE The OA Part III, bitte ü§©‚ô•Ô∏è

#SaveTheOA @reedhastings #cancelnetflix https://t.co/XWHchoQKdy",0,140
303,#Cuties,2021-06-01 19:49:26,"@NetflixDE The OA Part III, bitte ü§©‚ô•Ô∏è

#SaveTheOA @reedhastings #cancelnetflix https://t.co/XWHchoQKdy",0,140
304,#Cuties,2021-06-01 19:41:39,"@NetflixDE The OA Part III, bitte ü§©‚ô•Ô∏è

#SaveTheOA @reedhastings #cancelnetflix https://t.co/XWHchoQKdy",0,50
305,#Cuties,2021-06-01 19:39:19,"@NetflixDE The OA Part III, bitte ü§©‚ô•Ô∏è

#SaveTheOA @reedhastings #cancelnetflix https://t.co/XWHchoQKdy",0,50
306,#Cuties,2021-06-01 19:27:08,"@NetflixDE The OA Part III, bitte ü§©‚ô•Ô∏è

#SaveTheOA @reedhastings #cancelnetflix https://t.co/XWHchoQKdy",0,50
307,#Cuties,2021-06-01 19:26:04,"@NetflixDE The OA Part III, bitte ü§©‚ô•Ô∏è

#SaveTheOA @reedhastings #cancelnetflix https://t.co/XWHchoQKdy",0,50
308,#Cuties,2021-06-01 19:20:26,"@NetflixDE The OA Part III, bitte ü§©‚ô•Ô∏è

#SaveTheOA @reedhastings #cancelnetflix https://t.co/XWHchoQKdy",113,50
309,#Cuties,2021-06-01 19:07:41,"@NetflixDE The OA Part III, bitte ü§©‚ô•Ô∏è

#SaveTheOA @reedhastings #cancelnetflix https://t.co/XWHchoQKdy",1,0
310,#Cuties,2021-06-01 16:48:05,"@NetflixDE The OA Part III, bitte ü§©‚ô•Ô∏è

#SaveTheOA @reedhastings #cancelnetflix https://t.co/XWHchoQKdy",0,0
311,#Cuties,2021-06-01 16:32:08,"@NetflixDE The OA Part III, bitte ü§©‚ô•Ô∏è

#SaveTheOA @reedhastings #cancelnetflix https://t.co/XWHchoQKdy",0,0
312,#Cuties,2021-06-01 15:01:13,"@NetflixDE The OA Part III, bitte ü§©‚ô•Ô∏è

#SaveTheOA @reedhastings #cancelnetflix https://t.co/XWHchoQKdy",0,0
313,#Cuties,2021-06-01 14:32:00,"@NetflixDE The OA Part III, bitte ü§©‚ô•Ô∏è

#SaveTheOA @reedhastings #cancelnetflix https://t.co/XWHchoQKdy",0,0
314,#Cuties,2021-06-01 12:39:46,"@NetflixDE The OA Part III, bitte ü§©‚ô•Ô∏è

#SaveTheOA @reedhastings #cancelnetflix https://t.co/XWHchoQKdy",0,0
315,#Cuties,2021-06-01 11:45:28,"@NetflixDE The OA Part III, bitte ü§©‚ô•Ô∏è

#SaveTheOA @reedhastings #cancelnetflix https://t.co/XWHchoQKdy",0,6
316,#Cuties,2021-06-01 11:41:17,"@NetflixDE The OA Part III, bitte ü§©‚ô•Ô∏è

#SaveTheOA @reedhastings #cancelnetflix https://t.co/XWHchoQKdy",0,6
317,#Cuties,2021-06-01 08:34:42,"@NetflixDE The OA Part III, bitte ü§©‚ô•Ô∏è

#SaveTheOA @reedhastings #cancelnetflix https://t.co/XWHchoQKdy",0,1
318,#Cuties,2021-06-01 08:32:48,"@NetflixDE The OA Part III, bitte ü§©‚ô•Ô∏è

#SaveTheOA @reedhastings #cancelnetflix https://t.co/XWHchoQKdy",0,1
319,#Cuties,2021-06-01 08:00:09,"@NetflixDE The OA Part III, bitte ü§©‚ô•Ô∏è

#SaveTheOA @reedhastings #cancelnetflix https://t.co/XWHchoQKdy",1,0
320,#Cuties,2021-06-01 00:34:04,"@NetflixDE The OA Part III, bitte ü§©‚ô•Ô∏è

#SaveTheOA @reedhastings #cancelnetflix https://t.co/XWHchoQKdy",0,0
321,#Cuties,2021-06-01 00:29:11,"@NetflixDE The OA Part III, bitte ü§©‚ô•Ô∏è

#SaveTheOA @reedhastings #cancelnetflix https://t.co/XWHchoQKdy",0,3
322,#Cuties,2021-05-31 22:40:01,"@NetflixDE The OA Part III, bitte ü§©‚ô•Ô∏è

#SaveTheOA @reedhastings #cancelnetflix https://t.co/XWHchoQKdy",0,0
323,#Cuties,2021-05-31 21:25:41,"@NetflixDE The OA Part III, bitte ü§©‚ô•Ô∏è

#SaveTheOA @reedhastings #cancelnetflix https://t.co/XWHchoQKdy",1,0
324,#Cuties,2021-05-31 21:24:50,"@NetflixDE The OA Part III, bitte ü§©‚ô•Ô∏è

#SaveTheOA @reedhastings #cancelnetflix https://t.co/XWHchoQKdy",1,0
325,#Cuties,2021-05-31 21:24:06,"@NetflixDE The OA Part III, bitte ü§©‚ô•Ô∏è

#SaveTheOA @reedhastings #cancelnetflix https://t.co/XWHchoQKdy",1,0
326,#Cuties,2021-05-31 20:34:45,"@NetflixDE The OA Part III, bitte ü§©‚ô•Ô∏è

#SaveTheOA @reedhastings #cancelnetflix https://t.co/XWHchoQKdy",0,0
327,#Cuties,2021-05-31 19:35:27,"@NetflixDE The OA Part III, bitte ü§©‚ô•Ô∏è

#SaveTheOA @reedhastings #cancelnetflix https://t.co/XWHchoQKdy",0,0
328,#Cuties,2021-05-31 19:24:43,"@NetflixDE The OA Part III, bitte ü§©‚ô•Ô∏è

#SaveTheOA @reedhastings #cancelnetflix https://t.co/XWHchoQKdy",1,0
329,#Cuties,2021-05-31 19:22:32,"@NetflixDE The OA Part III, bitte ü§©‚ô•Ô∏è

#SaveTheOA @reedhastings #cancelnetflix https://t.co/XWHchoQKdy",1,0
330,#Cuties,2021-05-31 18:59:32,"@NetflixDE The OA Part III, bitte ü§©‚ô•Ô∏è

#SaveTheOA @reedhastings #cancelnetflix https://t.co/XWHchoQKdy",0,1
331,#Cuties,2021-05-31 18:56:25,"@NetflixDE The OA Part III, bitte ü§©‚ô•Ô∏è

#SaveTheOA @reedhastings #cancelnetflix https://t.co/XWHchoQKdy",0,0
332,#Cuties,2021-05-31 18:10:12,"@NetflixDE The OA Part III, bitte ü§©‚ô•Ô∏è

#SaveTheOA @reedhastings #cancelnetflix https://t.co/XWHchoQKdy",0,0
333,#Cuties,2021-05-31 17:23:40,"@NetflixDE The OA Part III, bitte ü§©‚ô•Ô∏è

#SaveTheOA @reedhastings #cancelnetflix https://t.co/XWHchoQKdy",0,0
334,#Cuties,2021-05-31 17:23:26,"@NetflixDE The OA Part III, bitte ü§©‚ô•Ô∏è

#SaveTheOA @reedhastings #cancelnetflix https://t.co/XWHchoQKdy",0,0
335,#Cuties,2021-05-31 17:23:18,"@NetflixDE The OA Part III, bitte ü§©‚ô•Ô∏è

#SaveTheOA @reedhastings #cancelnetflix https://t.co/XWHchoQKdy",0,0
336,#Cuties,2021-05-31 17:23:04,"@NetflixDE The OA Part III, bitte ü§©‚ô•Ô∏è

#SaveTheOA @reedhastings #cancelnetflix https://t.co/XWHchoQKdy",0,0
337,#Cuties,2021-05-31 16:31:04,"@NetflixDE The OA Part III, bitte ü§©‚ô•Ô∏è

#SaveTheOA @reedhastings #cancelnetflix https://t.co/XWHchoQKdy",0,9
338,#Cuties,2021-05-31 13:24:36,"@NetflixDE The OA Part III, bitte ü§©‚ô•Ô∏è

#SaveTheOA @reedhastings #cancelnetflix https://t.co/XWHchoQKdy",1,0
339,#Cuties,2021-05-31 12:56:58,"@NetflixDE The OA Part III, bitte ü§©‚ô•Ô∏è

#SaveTheOA @reedhastings #cancelnetflix https://t.co/XWHchoQKdy",0,1
340,#Cuties,2021-05-31 12:44:59,"@NetflixDE The OA Part III, bitte ü§©‚ô•Ô∏è

#SaveTheOA @reedhastings #cancelnetflix https://t.co/XWHchoQKdy",0,3
341,#Cuties,2021-05-31 12:37:15,"@NetflixDE The OA Part III, bitte ü§©‚ô•Ô∏è

#SaveTheOA @reedhastings #cancelnetflix https://t.co/XWHchoQKdy",0,3
342,#Cuties,2021-05-31 10:22:40,"@NetflixDE The OA Part III, bitte ü§©‚ô•Ô∏è

#SaveTheOA @reedhastings #cancelnetflix https://t.co/XWHchoQKdy",3,0
343,#Cuties,2021-05-31 08:12:31,"@NetflixDE The OA Part III, bitte ü§©‚ô•Ô∏è

#SaveTheOA @reedhastings #cancelnetflix https://t.co/XWHchoQKdy",0,1
344,#Cuties,2021-05-31 07:28:07,"@NetflixDE The OA Part III, bitte ü§©‚ô•Ô∏è

#SaveTheOA @reedhastings #cancelnetflix https://t.co/XWHchoQKdy",4,0
345,#Cuties,2021-05-31 06:08:59,"@NetflixDE The OA Part III, bitte ü§©‚ô•Ô∏è

#SaveTheOA @reedhastings #cancelnetflix https://t.co/XWHchoQKdy",0,0
346,#Cuties,2021-05-31 05:18:54,"@NetflixDE The OA Part III, bitte ü§©‚ô•Ô∏è

#SaveTheOA @reedhastings #cancelnetflix https://t.co/XWHchoQKdy",0,1
347,#Cuties,2021-05-31 05:12:58,"@NetflixDE The OA Part III, bitte ü§©‚ô•Ô∏è

#SaveTheOA @reedhastings #cancelnetflix https://t.co/XWHchoQKdy",0,1
348,#Cuties,2021-05-31 02:27:32,"@NetflixDE The OA Part III, bitte ü§©‚ô•Ô∏è

#SaveTheOA @reedhastings #cancelnetflix https://t.co/XWHchoQKdy",1,0
349,#Cuties,2021-05-31 02:24:14,"@NetflixDE The OA Part III, bitte ü§©‚ô•Ô∏è

#SaveTheOA @reedhastings #cancelnetflix https://t.co/XWHchoQKdy",0,4
350,#Cuties,2021-05-31 01:54:56,"@NetflixDE The OA Part III, bitte ü§©‚ô•Ô∏è

#SaveTheOA @reedhastings #cancelnetflix https://t.co/XWHchoQKdy",0,15
351,#Cuties,2021-05-31 01:03:21,"@NetflixDE The OA Part III, bitte ü§©‚ô•Ô∏è

#SaveTheOA @reedhastings #cancelnetflix https://t.co/XWHchoQKdy",0,15
352,#Cuties,2021-05-31 00:50:39,"@NetflixDE The OA Part III, bitte ü§©‚ô•Ô∏è

#SaveTheOA @reedhastings #cancelnetflix https://t.co/XWHchoQKdy",0,15
353,#Cuties,2021-05-30 18:22:36,"@NetflixDE The OA Part III, bitte ü§©‚ô•Ô∏è

#SaveTheOA @reedhastings #cancelnetflix https://t.co/XWHchoQKdy",0,0
354,#Cuties,2021-05-30 17:46:46,"@NetflixDE The OA Part III, bitte ü§©‚ô•Ô∏è

#SaveTheOA @reedhastings #cancelnetflix https://t.co/XWHchoQKdy",0,1
355,#Cuties,2021-05-30 17:02:50,"@NetflixDE The OA Part III, bitte ü§©‚ô•Ô∏è

#SaveTheOA @reedhastings #cancelnetflix https://t.co/XWHchoQKdy",0,0
356,#Cuties,2021-05-30 14:49:58,"@NetflixDE The OA Part III, bitte ü§©‚ô•Ô∏è

#SaveTheOA @reedhastings #cancelnetflix https://t.co/XWHchoQKdy",0,4
357,#Cuties,2021-05-30 13:11:00,"@NetflixDE The OA Part III, bitte ü§©‚ô•Ô∏è

#SaveTheOA @reedhastings #cancelnetflix https://t.co/XWHchoQKdy",0,4
358,#Cuties,2021-05-30 13:00:18,"@NetflixDE The OA Part III, bitte ü§©‚ô•Ô∏è

#SaveTheOA @reedhastings #cancelnetflix https://t.co/XWHchoQKdy",1,0
359,#Cuties,2021-05-30 12:20:33,"@NetflixDE The OA Part III, bitte ü§©‚ô•Ô∏è

#SaveTheOA @reedhastings #cancelnetflix https://t.co/XWHchoQKdy",0,4
360,#Cuties,2021-05-30 09:55:17,"@NetflixDE The OA Part III, bitte ü§©‚ô•Ô∏è

#SaveTheOA @reedhastings #cancelnetflix https://t.co/XWHchoQKdy",0,6
361,#Cuties,2021-05-30 07:19:21,"@NetflixDE The OA Part III, bitte ü§©‚ô•Ô∏è

#SaveTheOA @reedhastings #cancelnetflix https://t.co/XWHchoQKdy",0,4
362,#Cuties,2021-05-30 07:16:18,"@NetflixDE The OA Part III, bitte ü§©‚ô•Ô∏è

#SaveTheOA @reedhastings #cancelnetflix https://t.co/XWHchoQKdy",0,4
363,#Cuties,2021-05-30 06:37:14,"@NetflixDE The OA Part III, bitte ü§©‚ô•Ô∏è

#SaveTheOA @reedhastings #cancelnetflix https://t.co/XWHchoQKdy",14,4
364,#Cuties,2021-05-30 05:58:00,"@NetflixDE The OA Part III, bitte ü§©‚ô•Ô∏è

#SaveTheOA @reedhastings #cancelnetflix https://t.co/XWHchoQKdy",0,2
365,#Cuties,2021-05-30 05:55:18,"@NetflixDE The OA Part III, bitte ü§©‚ô•Ô∏è

#SaveTheOA @reedhastings #cancelnetflix https://t.co/XWHchoQKdy",0,2
366,#Cuties,2021-05-30 05:53:20,"@NetflixDE The OA Part III, bitte ü§©‚ô•Ô∏è

#SaveTheOA @reedhastings #cancelnetflix https://t.co/XWHchoQKdy",2,2
367,#Cuties,2021-05-30 05:52:06,"@NetflixDE The OA Part III, bitte ü§©‚ô•Ô∏è

#SaveTheOA @reedhastings #cancelnetflix https://t.co/XWHchoQKdy",1,0
368,#Cuties,2021-05-30 05:27:52,"@NetflixDE The OA Part III, bitte ü§©‚ô•Ô∏è

#SaveTheOA @reedhastings #cancelnetflix https://t.co/XWHchoQKdy",2,1
369,#Cuties,2021-05-30 04:30:25,"@NetflixDE The OA Part III, bitte ü§©‚ô•Ô∏è

#SaveTheOA @reedhastings #cancelnetflix https://t.co/XWHchoQKdy",7,1
370,#Cuties,2021-05-30 04:08:57,"@NetflixDE The OA Part III, bitte ü§©‚ô•Ô∏è

#SaveTheOA @reedhastings #cancelnetflix https://t.co/XWHchoQKdy",0,4
371,#Cuties,2021-05-30 03:50:18,"@NetflixDE The OA Part III, bitte ü§©‚ô•Ô∏è

#SaveTheOA @reedhastings #cancelnetflix https://t.co/XWHchoQKdy",0,6
372,#Cuties,2021-05-30 03:08:30,"@NetflixDE The OA Part III, bitte ü§©‚ô•Ô∏è

#SaveTheOA @reedhastings #cancelnetflix https://t.co/XWHchoQKdy",0,2
373,#Cuties,2021-05-30 02:31:40,"@NetflixDE The OA Part III, bitte ü§©‚ô•Ô∏è

#SaveTheOA @reedhastings #cancelnetflix https://t.co/XWHchoQKdy",0,2
